timestamp,generation,total_steps,match_type,policy_loss,value_loss,entropy_loss,approx_kl,clip_frac,epochs_done,ent_action,ent_target,kl_action,kl_target,cf_action,cf_target,mean_dense_rew,mean_cap_bonus,mean_terminal_rew,mean_all_in_penalty,mean_over_send_penalty,mean_attempts,mean_launched,launch_rate,self_fallback_active_rate,self_fallback_active_rate_ge1,self_fallback_active_rate_ge5,self_fallback_active_rate_ge10,self_fallback_active_rate_ge20,req_over_src_launched_mean,req_over_src_launched_p50,req_over_src_launched_p75,req_over_src_launched_p90,req_over_src_launched_p95,target_bias_alpha,amount_bin_alpha,send_frac_bin0_mean,send_frac_bin1_mean,send_frac_bin2_mean,send_frac_bin3_mean,send_frac_bin0_p90,send_frac_bin3_p90,mean_filtered_invalid_target,mean_filtered_zero_ships,mean_filtered_sun,mean_filtered_path,mean_out,mean_sun_crash,mean_target_hit_exclusive,mean_target_hit_ambiguous,mean_hit_other_exclusive,mean_hit_other_ambiguous,mean_captured_exclusive,mean_captured_ambiguous,mean_launched_high_prod,mean_captured_neutral,mean_captured_enemy,mean_early_home_expand,noop_rate,high_prod_target_rate,neutral_capture_rate,enemy_capture_rate,early_home_expand_per_episode,mean_target_neutral,mean_target_enemy,mean_early_neutral_attempts,mean_early_enemy_attempts,mean_early_neutral_captured,mean_early_launch_neutral_captured,target_neutral_rate,target_enemy_rate,early_neutral_attempts_per_episode,early_enemy_attempts_per_episode,early_neutral_captured_per_episode,early_launch_neutral_captured_per_episode,early_neutral_launch_to_cap_rate,chosen_surplus_frac_mean,chosen_surplus_frac_std,send_fraction_of_src_mean,send_fraction_of_src_std,ships_to_send_mean,required_ships_mean,send_required_ratio_mean,under_invested_rate,over_send_excess_per_launch,over_send_target_rate,send_required_ratio_mean_neutral,send_required_ratio_mean_enemy,under_invested_rate_neutral,under_invested_rate_enemy,ships_to_send_mean_neutral,ships_to_send_mean_enemy,required_ships_mean_neutral,required_ships_mean_enemy,repeat_target_rate,launch_to_cap_rate_neutral,launch_to_cap_rate_enemy,single_shot_capture_rate,capture_hold_k_rate,post_capture_reloss_rate_k,all_in_launch_rate,remaining_ships_after_launch_mean,distinct_targets_per_turn,eval_under_win,eval_under_loss,eval_sr_win,eval_sr_loss,eval_under_enemy_win,eval_under_enemy_loss,ships_bin_rate_0,ships_bin_rate_1,ships_bin_rate_2,ships_bin_rate_3,mean_unknown_removal,win_rate,league_size,eval_wall_s,gen_wall_s
2026-04-27 17:39:52,1,24523,self,0.001965984536582255,0.5688569724249343,-2.0392609988339245,0.0076036199364656635,0.09251519099537593,4,1.839383548591286,0.19987744675017893,0.006859280302099553,0.0007351123124408332,0.08335869684621382,0.006542154949177832,1.7844472535986774e-05,-0.009619336948986664,-0.0006116706765077682,-0.004667047261754271,-0.013586184398319939,0.9126942054397912,0.7746605227745382,0.8487623983558217,0.8633632116549511,0.8633632116549511,0.8521415386540687,0.8271209979416214,0.7692536055620464,0.7219677808107346,0.7727272727272727,0.9230769230769231,1.0,1.0,-0.0004682709986809641,0.0007971362210810184,0.7614157299573177,0.7937150472142324,0.8176411280826059,0.8404826984396083,1.0,1.0,0.0,0.056273702238714675,0.0050156995473637,0.07674428087917465,0.07315581291032908,0.01349753292827142,0.4900705460180239,0.08775435305631447,0.06218651877828977,0.004281694735554378,0.2889940056273702,0.01594421563430249,0.18578477347795946,0.07242180809851975,0.23251641316315297,0.0,0.5673041634384047,0.2398273411591304,0.09348844554403327,0.3001526556824762,0.0,0.2852832035232231,0.4893773192513151,0.008767279696611344,0.0,0.004444806915956449,0.00770705052399788,0.3682686740011581,0.631731325998842,1.7479674796747968,0.0,0.8861788617886179,1.5365853658536586,0.8790697674418605,1.0821303363689008,0.07139887168641024,0.7995644698535364,0.2197442349468141,29.22898352371427,26.535295046586302,1.183275945153644,0.030794335947781228,8.769121440227405,0.4253965664886025,1.1868963025930803,1.1811654526408288,0.038307604345340196,0.026414465461211567,28.280160091480845,29.78210149154237,25.746998284734133,26.994833763853013,0.6554719166184134,0.6512292738707833,0.93417215232064,0.9562717304092003,0.8363736113016047,0.15882594980112466,0.6024635468758225,10.728009685739854,0.5721567508053664,,,,,,,0.2837290098436595,0.2620940148444491,0.27262199294625467,0.1815549823656367,0.0,0.4878048780487805,1,,
2026-04-27 17:53:46,2,48454,league,0.0002761855329272342,0.4058982201996334,-2.1070021266605763,0.006505430545931871,0.0798314475319921,4,1.8935151002942558,0.2134870337870191,0.005569678497186956,0.0009040728208368001,0.06781770356676796,0.009745585109620172,-3.052108144248056e-05,-0.010183694789185573,-0.0008357360745476579,-0.004771635117629853,-0.013991391918432149,0.9419999164263926,0.8006769462203837,0.8499756021824957,0.863095323697898,0.863095323697898,0.8521235260856258,0.8284381998343406,0.7780170003355329,0.7191347223635806,0.7647058823529411,0.92,1.0,1.0,0.002960506360977888,0.003124564653262496,0.75287866774004,0.7908086747985471,0.8208880145996754,0.8391263157481369,1.0,1.0,0.0,0.057540428732606244,0.005014416447285947,0.07876812502611676,0.06506205340353516,0.010613848146755254,0.5314445698048557,0.09610964857298065,0.056537545443149054,0.003802599139191843,0.3051272408173499,0.018010112406502028,0.17959968242029167,0.07517445990556182,0.24796289331829008,0.0,0.5605281851991141,0.22430979593966913,0.0938886279421742,0.30969156098324724,0.0,0.2601646400066859,0.5405123062136977,0.00835736074547658,0.0,0.0043040407839204375,0.00752162467092892,0.32493084912060954,0.6750691508793905,1.639344262295082,0.0,0.8442622950819673,1.4754098360655739,0.9,1.0814680862167956,0.0721717947146517,0.7965591707009243,0.22037841313471423,29.209174886488178,26.577005375502324,1.179827275741576,0.028651949271958667,8.737226658316372,0.43892858635242993,1.2038414323398938,1.1682685483367738,0.03356890459363958,0.026285272516428294,30.373433986508193,28.64878237340549,27.8030838419531,25.986857363741787,0.6556025259641981,0.6949887568262126,0.9425589485890994,0.9556446398551661,0.8323791772067635,0.16375981893223274,0.595950106988153,10.866186524711654,0.5893610797710083,,,,,,,0.28620635666196964,0.2768644642763948,0.24701216011690413,0.18991701894473148,0.0,0.48360655737704916,2,,
2026-04-27 18:06:06,3,73138,self,-0.003096954732677306,0.6308960143689046,-2.095266331817202,0.005665310108689627,0.07172665095024312,4,1.887427833722663,0.2078384897464143,0.004216522269718194,0.0014554862887689052,0.05180410129968752,0.018617093051576245,0.00036352292983309026,-0.01069534921406579,0.0016204829039053639,-0.004912493923189108,-0.014241127856101113,0.9549100631988332,0.813766002268676,0.8521912519621568,0.8667579605373903,0.8667579605373903,0.8565435624181227,0.8333420104240783,0.7825562877781395,0.7213357442488305,0.7727272727272727,0.92,1.0,1.0,0.006054262164980173,0.0035486507695168257,0.7569577373481791,0.797358662743142,0.8137211844935467,0.8412244872539371,1.0,1.0,0.0,0.052220061578350345,0.005185545292497164,0.08373845405930967,0.07952519850915572,0.014908442715929346,0.5122751579970831,0.0961351482741857,0.06400907470426187,0.005793226381461676,0.3026656943769243,0.018432993031923514,0.17813158321179712,0.0748663101604278,0.24623237724842004,0.0,0.5582563603953978,0.21889779459351819,0.09199980086623188,0.30258376064121073,0.0,0.2914438502673797,0.5223221520012964,0.007697293793550478,0.0,0.003970183114568141,0.006887052341597796,0.3581420819435456,0.6418579180564544,1.5573770491803278,0.0,0.8032786885245902,1.3934426229508197,0.8947368421052632,1.0819554936028282,0.0728145308464421,0.7983960664673386,0.21994269728769678,29.313884601981382,26.661472594215166,1.1853058290793066,0.026932842136705333,8.750136904465574,0.44482255712202234,1.2193365706350423,1.1663174512966366,0.03252710592160134,0.02381137051113007,29.49388379204893,29.21344915845808,26.935918821239923,26.50833785775227,0.6665505053019366,0.6634695579649708,0.936787404017684,0.9514256876103961,0.8367744448772887,0.15997922347747046,0.603674018021606,10.900781600039826,0.5983228001944579,,,,,,,0.28476128839547965,0.28177428187384873,0.2353263304624882,0.1981380992681834,0.0,0.5327868852459017,3,,
2026-04-27 18:20:06,4,96867,self,-0.003882977632074667,0.6210612525702804,-2.020735772386674,0.00565579272215575,0.07046315249716563,4,1.826153150969936,0.1945826184174787,0.004143772904963924,0.001496865919605586,0.052238057517716964,0.019685331288905393,0.0006386784103839189,-0.009331872392431207,0.002107126301150491,-0.004882633065025916,-0.014232795313751103,0.9364912132833242,0.7988115807661511,0.8529835298352983,0.8703800674067445,0.8703800674067445,0.8595507939623733,0.8360221171173942,0.7838790642423313,0.726069448265671,0.7777777777777778,0.9230769230769231,1.0,1.0,0.00719609996303916,0.0031764674931764603,0.7677704115894785,0.7962599064679907,0.8197958346875351,0.8443178106301763,1.0,1.0,0.0,0.054869568881958784,0.00467782038855409,0.07813224324666021,0.07004087825024231,0.012937755489064014,0.510767415398879,0.0926714147245986,0.06165451557166336,0.004804247966623119,0.29432340174470056,0.01824771376796325,0.18049643895655104,0.0759829744194867,0.23658814109317713,0.0,0.5618020144127439,0.22595621208124506,0.09512002110261145,0.2961751516750198,0.0,0.28821273547136417,0.5105988452947869,0.008386362678578955,0.0,0.004762105440600109,0.007754224788233807,0.3608018992350303,0.6391981007649696,1.6864406779661016,0.0,0.9576271186440678,1.5593220338983051,0.9246231155778895,1.082637298865735,0.07395453037438447,0.8033193468085749,0.21704381384171315,28.854075441835928,26.21777895014508,1.1868489804749047,0.028383012397784225,8.90873120548668,0.42698807366513547,1.206448539197534,1.1757858092877085,0.032607106302090946,0.02599867943215583,29.39230881707852,28.550264113568833,26.845591460739875,25.863403763618354,0.6636243735162226,0.6354730223716918,0.9433806536810828,0.95254145881084,0.839490798394908,0.1555278815552788,0.6112371405961488,10.44304932735426,0.5843061233090311,,,,,,,0.29290424690055394,0.26900553943550515,0.23038776048536005,0.20770245317858085,0.0,0.5423728813559322,4,,
2026-04-27 18:33:15,5,120789,exploiter,-0.0032606363074883897,0.6163098494557135,-1.897155866584676,0.0061835682642503295,0.07755623182610553,4,1.7075997058720511,0.1895561638900781,0.0044992279621179805,0.0017164233085396824,0.05758521261121978,0.02178433424927653,-0.00019749184850765004,-0.00929821921244043,-0.0006270378730875344,-0.0045782125240364496,-0.01336309673104255,0.8818660647103085,0.7560822673689491,0.8573663253697383,0.8684503503360366,0.8684503503360366,0.857982483733713,0.8352181673680508,0.7852719399938567,0.7248872298915372,0.7763157894736842,0.9259259259259259,1.0,1.0,0.0068765683099627495,0.0032046933192759752,0.7572673089530241,0.7968693672829307,0.8213921680484616,0.8481747040516731,1.0,1.0,0.0,0.05070646267034529,0.0038458322882702115,0.07123150238274392,0.07536995234512164,0.01417105593177828,0.46760304322381074,0.0927598026920826,0.06228576206002843,0.005476130758297801,0.27430816821336007,0.01709723267285344,0.15964384248808627,0.07340523367611404,0.2180001672100995,0.0,0.5862386088119722,0.2111461270525792,0.0970863050809974,0.28832863382539947,0.0,0.2867235181004933,0.46935874926845583,0.008569517598862972,0.0,0.004556475211102751,0.007482651952177912,0.3792226460994084,0.6207773539005916,1.6666666666666667,0.0,0.8861788617886179,1.4552845528455285,0.8731707317073171,1.081154973185161,0.07271753971494163,0.801197436415872,0.21820075689951995,29.250677282025766,26.650909493006026,1.1760008134244049,0.02620666777243324,8.837065295516117,0.40803444528049493,1.1872486364273243,1.169129703878892,0.02886718180492783,0.02458140363377271,29.406181659133985,29.155682223013894,26.93541332555766,26.477110794442464,0.6679935865538785,0.647616270593381,0.9441574634841468,0.9497919954095538,0.8290308305059744,0.16698628116241335,0.6055177751976558,10.512467518106927,0.5522531560906279,,,,,,,0.2871675789240891,0.28689113728091997,0.22972300547354454,0.19621827832144634,0.0,0.4878048780487805,5,,
2026-04-27 18:46:32,6,145609,league,-0.003624439800575798,0.6840030826128942,-2.0372819035630867,0.00630570608201699,0.07849576741879441,4,1.8287425274701463,0.20853938777767814,0.004414134497751875,0.0019601970039711323,0.05711762353144202,0.02442551879620314,-0.0010914101531023376,-0.011465431103948431,-0.0028203062046736503,-0.004959709911361803,-0.01342288477034648,0.9402095084609187,0.8077759871071717,0.8591446691806651,0.8626932816636611,0.8626932816636611,0.8514250966695771,0.8261282041742625,0.7683378277805163,0.7299939897304021,0.7777777777777778,0.9230769230769231,1.0,1.0,0.0017743287608027458,0.001287622726522386,0.7695501822545864,0.8056159989347453,0.8208134636718033,0.8534143977274993,1.0,1.0,0.0,0.05314262691377921,0.004834810636583401,0.07445608380338437,0.07711522965350524,0.012610797743755037,0.5139000805801772,0.09476228847703465,0.06458501208702659,0.005116841257050766,0.30439161966156325,0.018734891216760675,0.15108783239323126,0.07723609991941982,0.2458904109589041,0.0,0.5491136180499597,0.18704174771809068,0.09561574143348796,0.30440420968626863,0.0,0.28416599516518937,0.5236099919419823,0.008783239323126512,0.0,0.004431909750201451,0.008058017727639,0.35178811910818497,0.648211880891815,1.7301587301587302,0.0,0.873015873015873,1.5873015873015872,0.9174311926605505,1.0807920594543374,0.07214913468354728,0.808023959615791,0.20984308542990118,29.185395780338173,26.555838196418772,1.187417170759535,0.029028879245847673,8.308544067035763,0.4498791297340854,1.1952657541672744,1.1831577017864063,0.03728909683822487,0.024546014158202525,29.344392457110448,29.099107417666975,26.80930100666383,26.418282548476455,0.6550950172078408,0.6697859067063661,0.9377500769467528,0.9508728179551122,0.8256633764901936,0.17074734008460454,0.6139957105092523,9.311736246196817,0.6036663980660757,,,,,,,0.2849019901241957,0.2896902588657788,0.23467504613696444,0.190732704873061,0.0,0.4444444444444444,6,,
2026-04-27 19:00:33,7,169951,self,-0.00366472864660059,0.7083060586171624,-1.8782522586315715,0.006485955490368668,0.0745989633090209,4,1.686666631573782,0.1915856245905161,0.004328009450298622,0.0020408839033748977,0.053372092174453885,0.02557282990420052,-0.0007621559444581385,-0.0098744145920631,-0.003697313285679073,-0.004623695670035328,-0.012341303097526901,0.8695259222742585,0.7482540465039849,0.8605310403477275,0.8680781179293969,0.8680781179293969,0.8570017656146546,0.8320588507204458,0.7772236333973525,0.7308211407187462,0.7777777777777778,0.926829268292683,1.0,1.0,0.004585859831422567,0.0007589291199110448,0.7636176855926197,0.8036148085100475,0.8338546082830197,0.8545187684327259,1.0,1.0,0.0,0.048845616629693535,0.004149207131706516,0.06827705200887355,0.06651055788349355,0.012611946430038616,0.4830745214033358,0.0872976748007559,0.0588694437597568,0.005094076082491168,0.28580231698299235,0.016720072303015365,0.15035740695094899,0.07193328403582286,0.23058910525018486,0.0,0.5787527729849643,0.20094432853848687,0.0961348413308444,0.3081695399143516,0.0,0.26669953167365046,0.4815545148303344,0.008585983074521403,0.0,0.00406704461424698,0.007558951606277216,0.3564291204567915,0.6435708795432086,1.7131147540983607,0.0,0.8114754098360656,1.5081967213114753,0.8803827751196173,1.0795042275172946,0.07167467005404743,0.8084800304395979,0.21085060140693532,28.708246403865157,26.132755023608212,1.1869031959152267,0.02865927308663665,8.2467332820907,0.4087996056199162,1.2029599770771686,1.1780104623114627,0.03619839802834258,0.02448387647159188,29.651263093037585,28.18597508957516,27.109981515711645,25.59153728032759,0.6512023718019107,0.6688231669747381,0.9374680088722062,0.9542368278109723,0.8309131527506283,0.16419994414967887,0.6179312616668496,9.389206105193807,0.56006080026292,,,,,,,0.2895574832546393,0.29213791588887666,0.23454485560557814,0.1837597452509059,0.0,0.4262295081967213,7,,
2026-04-27 19:14:58,8,194765,league,-0.003772285111613341,0.6752561613648516,-2.092964840150371,0.008322662450079973,0.0984418931340357,4,1.8716205350824238,0.22134430896606028,0.005819463050148939,0.002530960162403062,0.07624125027952273,0.0311656147481624,-0.0004922866123962285,-0.011119730797130658,-0.0024179898444426536,-0.005032642862899973,-0.014038043040219219,0.9689691303296526,0.8229628435560571,0.8493179171518882,0.8577273608687221,0.8577273608687221,0.8456939689228338,0.819006378740892,0.7603092529669572,0.727120239365951,0.7777777777777778,0.9230769230769231,1.0,1.0,0.0010573625331744552,0.003890581661835313,0.7706536668482517,0.7947767351023951,0.8211709147183351,0.8504996446339778,1.0,1.0,0.0,0.05932135085032643,0.0038687837511082452,0.08281615217216087,0.08003546385105183,0.013258644313693882,0.5191424196018377,0.09796888853066817,0.064399129523656,0.005561376642218102,0.3043443217538486,0.018940920448134117,0.17022648504876278,0.07052470379624405,0.2527605384057387,0.0,0.5610945434029178,0.20684589393271632,0.08569609715488957,0.3071348122031242,0.0,0.27428064802127833,0.5486821955347787,0.008019666317401466,0.0,0.004432981381478198,0.007173369871846538,0.3332843641349591,0.6667156358650409,1.6311475409836065,0.0,0.9016393442622951,1.459016393442623,0.8944723618090452,1.0815332256010974,0.07260475671830449,0.805015066105869,0.21347422340556824,28.840801136085403,26.225405220116546,1.1863027973384204,0.02962636501640468,8.528965280838353,0.45204320141855403,1.1832338559615685,1.1878369299135851,0.033793711431090216,0.027543150936467132,27.983690861004995,29.269261843554904,25.650014692918013,26.513037091443262,0.6675970814357769,0.6555980017631502,0.9395519647447668,0.9525056095736724,0.8185209003215435,0.17581993569131832,0.611527349297292,9.637236178443759,0.6081244458773273,,,,,,,0.28211155183389647,0.2912198227315019,0.22951863277998139,0.19714999265462024,0.0,0.45081967213114754,8,,
2026-04-27 19:27:44,9,220137,self,-0.004598601279550948,0.5798894898338833,-2.0177819029470183,0.008108625432945745,0.09241379893866915,4,1.808952734997524,0.20882917146886412,0.005608162542292614,0.002655496604503109,0.06941655824363381,0.030110092885118334,-0.00029039886489043074,-0.010220361027904778,-0.0005912029008355667,-0.004855352356928893,-0.013313889326816958,0.9401308529087182,0.796941510326344,0.8476921141994718,0.8670595340495233,0.8670595340495233,0.8559329190448515,0.8314018314670716,0.7762494565569297,0.7260924863487601,0.7741935483870968,0.9230769230769231,1.0,1.0,-0.005643414333462715,-0.005215779412537813,0.7643106116194548,0.7967199219491513,0.8240863834639538,0.8484291932748234,1.0,1.0,0.0,0.05801671133533028,0.0038231120920699984,0.08134951915497399,0.07173261863471543,0.013952388459719375,0.5153712754217248,0.0923853066372379,0.06369225918335172,0.005833201954910925,0.30352356928898,0.016829575910452466,0.17148825476903673,0.07390036260444585,0.2464527825949866,0.0,0.5557307267854328,0.21518298714144413,0.09272997032640949,0.3092482690405539,0.0,0.275382311209207,0.521559199117137,0.007961532397918965,0.0,0.003980766198959483,0.007133848336749173,0.34554896142433233,0.6544510385756677,1.6694214876033058,0.0,0.8347107438016529,1.4958677685950412,0.8960396039603961,1.081969831849655,0.07223910785802631,0.8042708765638154,0.21405645332587425,28.577645895153314,25.95786350148368,1.1874878331910526,0.03105835806132542,8.353115727002967,0.4388696200536024,1.1935292730403622,1.184297963907661,0.03535136682410191,0.028791657220584903,27.908115070845856,28.93115695609461,25.4721625876628,26.21431270309076,0.6590504451038576,0.7038786317446687,0.9424922542129525,0.9575541338582677,0.845580808080808,0.15025252525252525,0.609248269040554,9.725914935707221,0.5947895317673025,,,,,,,0.2804648862512364,0.2834322453016815,0.24277942631058358,0.19332344213649852,0.0,0.48760330578512395,9,,
2026-04-27 19:40:19,10,244618,league,-0.003749893031150956,0.5422015075649446,-1.8538219939606886,0.00787320631584034,0.09031353576574475,4,1.6614952000478904,0.19232679543589862,0.005436446570305027,0.0025431360885098306,0.06944444445737948,0.02947381530733158,-0.0008928720232016657,-0.010231118009885215,-0.0042890404803725335,-0.004563130591070624,-0.012292308320738523,0.8576038560516319,0.7381234426698255,0.8606811145510835,0.8634509570648594,0.8634509570648594,0.8515812551700999,0.8252893872780901,0.7648089419174559,0.732257714129824,0.7814295977011494,0.9230769230769231,1.0,1.0,0.0017805894603952765,-0.010546698234975338,0.772319547612684,0.8033124263790873,0.8315129117517476,0.8495965745964527,1.0,1.0,0.0,0.05216290184224501,0.0034720803888730035,0.06384543115068829,0.06449899922388791,0.012581185409092767,0.4798006617376741,0.08794575384992444,0.05534904619909317,0.005841264654221641,0.281728687553613,0.01662513786201544,0.14390752011764224,0.06641885543891181,0.23193496997671664,0.0,0.5814713451247907,0.1949640287769784,0.08998339789706696,0.3142224681793027,0.0,0.2523589722642049,0.4857644704056207,0.008169600914995303,0.0,0.003758016420897839,0.00702585678689596,0.34189263973436634,0.6581073602656337,1.6,0.0,0.736,1.376,0.86,1.08270337576093,0.07361427465503385,0.8104431065634545,0.20805560969025533,28.784726065301605,26.158716104039843,1.1735770193573982,0.031322634200332045,8.326729385722192,0.4074179976308157,1.1743859552580695,1.1731567699465055,0.044836516672062156,0.024302051799529094,29.257850437034637,28.538933736966026,26.683716413078667,25.885973763874873,0.6539568345323741,0.6680155390093881,0.943239152371342,0.9529025191675794,0.8241727425687044,0.17218171620863712,0.6182069728832319,9.221084670724958,0.55659491033863,,,,,,,0.28970669618151634,0.27055893746541226,0.23464305478693967,0.20509131156613172,0.0,0.416,10,,
2026-04-27 19:53:04,11,269142,exploiter,-0.0024239001389408563,0.5338005578960292,-2.0375236780382693,0.009398785967486408,0.10529688783572055,4,1.8440667414106429,0.1934569346679685,0.0064054710771112395,0.002991064778825603,0.08165700813212122,0.03412025853079589,0.0003376284456043061,-0.010367558310226718,-0.0004077638231936063,-0.004854020551296687,-0.014779970641004725,0.9586935247104876,0.8131626162126896,0.8481987154948747,0.8663414315934654,0.8663414315934654,0.8558988650998068,0.8327601337729181,0.7816754020356689,0.717890310968656,0.7706625683060109,0.918918918918919,1.0,1.0,0.0026457817293703556,-0.005520885344594717,0.7616105357121864,0.7804060899192575,0.8162994080956295,0.8378509799235363,1.0,1.0,0.0,0.05561898548360789,0.006157233730223454,0.08375468928396673,0.0778828902299788,0.01239602022508563,0.5187571358669059,0.09309248083510031,0.06434513129995106,0.0049747186429619965,0.298850106018594,0.01765617354428315,0.1942994617517534,0.07046158864785516,0.246044690915022,0.0,0.56377426194748,0.23894293451007922,0.08665128873733828,0.30257747467656204,0.0,0.28021529929864625,0.5329473169140434,0.008236829228510847,0.0,0.003832979938019899,0.007421301582123634,0.34459933808043325,0.6554006619195667,1.6833333333333333,0.0,0.7833333333333333,1.5166666666666666,0.900990099009901,1.0822309698124564,0.07319384188079549,0.7950273544914518,0.22295438694167583,29.453364757797612,26.74114933306589,1.1856045241258417,0.026426637248019257,9.087955069702137,0.43875387375632036,1.2041053913090543,1.1758770597583559,0.03390570430733411,0.022494261667941853,29.347933643771828,29.508798775822495,26.753055878928986,26.73488905891354,0.6675859993982549,0.6910651920838184,0.9426931905126243,0.9537490337541871,0.8310623098293425,0.16377827754994048,0.5969311001905526,11.152793099989971,0.5916653074539227,,,,,,,0.29024170093270485,0.2704342593521212,0.2394443887273092,0.1998796509878648,0.0,0.49166666666666664,10,,
2026-04-27 20:05:32,12,293125,league,-0.004167397969100189,0.5278277442037583,-2.005207722966975,0.009889731054422523,0.10324573299867358,4,1.8171714549051954,0.18803626793297998,0.006784338330072252,0.0031490329113674966,0.08259822210257357,0.03321240875037744,0.0003262477588291701,-0.010230746778968437,0.0016678480590418213,-0.0048338406371179555,-0.015159571363048822,0.9555935454280116,0.8063628403452445,0.8438345405358234,0.867577835655062,0.867577835655062,0.8573365852149387,0.8350324543241061,0.7852255425311394,0.7202489559107662,0.7692307692307693,0.9204921733895244,1.0,1.0,-0.00023993043578229845,-0.0049036829732358456,0.760492165471734,0.7877949998311968,0.8158296491262508,0.8434206214507772,1.0,1.0,0.0,0.06179377058749948,0.005337113788933828,0.08209982070633365,0.07238460576241504,0.011883417420672976,0.514697911020306,0.0956093899845724,0.06375349205687363,0.006087645415502648,0.2968769545094442,0.018221240045031898,0.19626402034774632,0.07572030188049869,0.2393778926739774,0.0,0.5623566693074261,0.24339417756864368,0.09390351103986762,0.29686126480169606,0.0,0.2767376891965142,0.5296251511487303,0.008339240295209107,0.0,0.0041279239461285075,0.00746362006421215,0.3431925125394281,0.6568074874605719,1.639344262295082,0.0,0.8114754098360656,1.4672131147540983,0.895,1.0824204974404061,0.07368882369965155,0.7977066464384867,0.21962419519424528,29.77237706189565,27.051191892031646,1.1749856363370346,0.030973680128238274,9.39996897461089,0.4280115081516074,1.1937323893575897,1.165190155326373,0.037516950429410875,0.027554715792788537,29.766762091306312,29.77531097464966,27.15187584752147,26.998582900330657,0.6641501628832929,0.672442368540003,0.9454416627302787,0.9507741167129813,0.8429426162632581,0.151754147402774,0.5994622265887585,10.959563576193185,0.5823291498144519,,,,,,,0.29903304203940223,0.2544598996845752,0.2450488649878484,0.20145819328817416,0.0,0.5327868852459017,10,,
2026-04-27 20:18:05,13,317499,league,-0.004298320385695713,0.5051604440991635,-2.0895878951899043,0.011843695566179537,0.11833695403217333,4,1.8870972930136776,0.2024906008499455,0.007923857777937759,0.003944261774468889,0.09460707231185823,0.04116598192446363,0.00021324362025108707,-0.01083388036432264,-0.00020513662098957906,-0.005030360219906453,-0.014431443341265272,0.9718552556002298,0.8233363420037745,0.8471800067544748,0.8622819133640379,0.8622819133640379,0.8512264386627715,0.8266727950070153,0.7738624007077167,0.7240021243660633,0.7762949956101843,0.9215686274509803,1.0,1.0,0.00046456573181785643,-0.004881881643086672,0.769489344822731,0.7957287643852916,0.8192230027749738,0.8410652892850664,1.0,1.0,0.0,0.0622794781324362,0.004102732419791581,0.08213670304422746,0.07323377369327973,0.013210798391728892,0.525847214244687,0.10043488963649791,0.0648641995569049,0.005456634118322803,0.30364322638877494,0.01870845983424961,0.1873307622876836,0.07401329285304012,0.24833839336998442,0.0,0.5556740789365717,0.22752641020530198,0.08989435917879211,0.30162447677895154,0.0,0.2840321654221712,0.5393041765816033,0.008697792729958152,0.0,0.0038155411504061706,0.00783621892180192,0.3449770779350209,0.655022922064979,1.7520661157024793,0.0,0.768595041322314,1.578512396694215,0.9009433962264151,1.0816239784731914,0.0737200848749496,0.8025117684631901,0.21592247873259257,29.14924257524417,26.43407414789715,1.1849423370061267,0.03119394060195336,8.76400239186765,0.4444900303602199,1.195590515144124,1.1793343235219622,0.039289325436949296,0.02693039178394827,28.728008088978765,29.37109166983644,26.16885743174924,26.57375427919361,0.66359378114411,0.6775964177379749,0.9411182959300114,0.9507445589919816,0.8417256753212693,0.15460267505900865,0.6109726928443293,10.175852102850309,0.6043324854352999,,,,,,,0.29758820011959336,0.2700318915686665,0.2294199720948774,0.20295993621686267,0.0,0.49586776859504134,10,,
2026-04-27 20:31:00,14,341423,exploiter,-0.004245573917483502,0.49812720441085134,-2.2111713809763045,0.013210776189128581,0.13035947872315817,4,1.990746367742671,0.22042501608238502,0.008681578763989721,0.004528297593395032,0.10380158871213063,0.04465535968880762,0.00020230730647048943,-0.010709998328038785,0.0012539709078749372,-0.005239090453101484,-0.01568734325363651,1.0172629994984117,0.8633589700718943,0.8487077289723466,0.8629750458915687,0.8629750458915687,0.8524191611483357,0.8287864316517611,0.7788728569300989,0.7212626295116509,0.7714285714285715,0.9210526315789473,1.0,1.0,-0.0033539379946887493,0.002839531982317567,0.7679725164244895,0.7870074613720647,0.8210975207735792,0.8388858198190918,1.0,1.0,0.0,0.06240595218190938,0.0045142952683497745,0.08698378197625815,0.08150810901187093,0.016134425681324192,0.5406704564454105,0.1039541882628323,0.0700551747199465,0.007147634174887143,0.3119879618792844,0.019979936465474,0.18249456612606588,0.07916736331717104,0.25280053502758737,0.0,0.5417154322019729,0.2113773904623578,0.09169692568385379,0.2928104575163399,0.0,0.3062614947333222,0.5570974753385721,0.010031767262999498,0.0,0.005099481692024745,0.008819595385387059,0.35473251028806585,0.6452674897119342,1.9672131147540983,0.0,1.0,1.7295081967213115,0.8791666666666667,1.086212539336723,0.0750656960561226,0.8013312418996968,0.21732339244125523,29.33672234325829,26.51735657225853,1.1965081045009067,0.031420963447107236,9.085064149116437,0.46488881457950176,1.1962118727915023,1.196670956371765,0.03753241435785451,0.02806122448979592,28.92602702333834,29.5625,26.339156544288247,26.61532112845138,0.671604938271605,0.6628906783130886,0.93562424969988,0.9507680684966003,0.8268084003111227,0.16658024371273011,0.6068264342774147,10.330912611958363,0.6289500083598061,,,,,,,0.28119099491648514,0.26008230452674896,0.2317114500121036,0.22701525054466232,0.0,0.5245901639344263,10,,
2026-04-27 20:43:54,15,365637,exploiter,-0.004079457298901521,0.44688747035045373,-2.038610204505293,0.01209921379593563,0.11505962173013311,4,1.8489718237205555,0.18963838535311975,0.007697596966203204,0.004418400112219962,0.08985589864222628,0.04113991478163945,0.0011958536383910139,-0.008884447014124058,0.0037168580160237877,-0.004819938878334845,-0.015089700173453372,0.948129181465268,0.8059800115635583,0.8500740482620437,0.8673350322514399,0.8673350322514399,0.8567370375602963,0.8339237788513151,0.7843188826410303,0.7191890972620507,0.7692307692307693,0.9230769230769231,1.0,1.0,-0.002025167690590024,0.0041496045887470245,0.7637283462773429,0.7881617372986627,0.8118952612326472,0.833496356563941,1.0,1.0,0.0,0.05827207400677294,0.005699182291236475,0.07817791360370034,0.07057900388205171,0.011687453539274799,0.5083009829024532,0.09746427686462378,0.05984141405798298,0.004418931196828281,0.2900801189394565,0.017469232675311804,0.20682249938052366,0.07826051044850087,0.22928884116626744,0.0,0.5770215577764929,0.25660996105759376,0.09709981553597048,0.28448452551752407,0.0,0.2896258362930536,0.5163541752705046,0.008177087635252333,0.0,0.004047245395225902,0.007392417609647312,0.3593461774953884,0.6406538225046116,1.596774193548387,0.0,0.7903225806451613,1.4435483870967742,0.9040404040404041,1.084219102275057,0.07429010866786087,0.7964515708054095,0.22262989331375305,29.298268087722892,26.570506251281,1.19094897004372,0.029104324656691945,9.361088337774135,0.4297513834971504,1.187498292260596,1.1928844737862652,0.035933266790246686,0.02527393425577861,28.872094681306145,29.537311045349117,26.384856694709825,26.674638086859154,0.6685796269727403,0.6937116783117069,0.9482524194193394,0.9543440311534847,0.8551305068360724,0.14072641900290014,0.5980221356835417,11.272545603607297,0.5805319236805154,,,,,,,0.28299856527977046,0.2733142037302726,0.22730067636810822,0.21638655462184875,0.0,0.5725806451612904,10,,
2026-04-27 20:56:50,16,390148,self,-0.0024478051345795393,0.48633989624795504,-2.2092827915524444,0.014240162566200906,0.1299004126097619,4,1.995339342392981,0.21394344759755768,0.008458003171957293,0.005575874449808301,0.10143445536474853,0.05017412782035535,0.00042462567826690025,-0.011372322630655627,0.0,-0.005260087307739379,-0.015501203541267177,1.0351678838072702,0.8781363469462691,0.8483033145469594,0.8593288469355495,0.8593288469355495,0.8477676670272599,0.8223584263188224,0.768099365561612,0.7188399835822576,0.7666666666666667,0.92,1.0,1.0,-0.007855786010622978,0.011568677611649036,0.7635510386356568,0.793932679322906,0.8172963003361847,0.8295671608198024,1.0,1.0,0.0,0.06368569213822366,0.005507731222716332,0.0878381135000612,0.0758842968463139,0.015503243441720044,0.5594630982008078,0.11243931296152748,0.06633756272693893,0.005711721268002122,0.3168781363469463,0.020399004528579005,0.19346415894904329,0.07343641630288442,0.26384072457264085,0.0,0.5492227979274611,0.22031220962646347,0.08362757851700428,0.30045530570525925,0.0,0.28770755987107827,0.5904287870751908,0.008078005793317286,0.0,0.004406184978173065,0.007302843621231284,0.32763426872328566,0.6723657312767144,1.6229508196721312,0.0,0.8852459016393442,1.4672131147540983,0.9040404040404041,1.083165303846869,0.07423726254891923,0.7979958412286398,0.21764367767654832,28.664188812488383,25.938533729790002,1.189328377473191,0.03122096264634826,8.826194015982159,0.47313451103586146,1.2009237477014831,1.183678118293402,0.038570618264322176,0.027639579878385848,27.541548496880317,29.211235489220563,25.02552467385139,26.383430071862907,0.6806355695967292,0.6496029495178672,0.9505251520176893,0.9481069311721302,0.8361736534394826,0.16046771986565495,0.5990057610109645,10.278479836461624,0.6339602627391784,,,,,,,0.28526296227467013,0.28270767515331724,0.2171994053149972,0.21482995725701542,0.0,0.5,10,,
2026-04-27 21:10:44,17,414840,league,-0.006598401423833222,0.37114610139840315,-2.151709583293589,0.014676067397273574,0.13441108236658758,4,1.940966474731969,0.21074310687269263,0.008788724253774461,0.00570644145826037,0.10466021138190297,0.05162817412514452,5.8172687510124716e-05,-0.011209298558237482,0.0004049894702737729,-0.005201684756196336,-0.015467195852907815,1.0180625303742104,0.8599951401263567,0.8447370514758533,0.8606844037115564,0.8606844037115564,0.8491425350106813,0.8238158894300134,0.768062181429012,0.7220780999840875,0.7733333333333333,0.9230769230769231,1.0,1.0,-0.014351222664117813,0.009455042891204357,0.7626364023431311,0.8003265433884446,0.8143073215177629,0.8354034117214422,1.0,1.0,0.0,0.06913170257573303,0.004657378908148388,0.08427830876397213,0.07504454884173012,0.013202656730924996,0.5557670500566986,0.10906366434472704,0.06001943949457314,0.0051028673254495385,0.3165397699659809,0.02089745666612668,0.18961606998218047,0.07488255305362061,0.26255467357848694,0.0,0.545196824882553,0.2204850482693666,0.08707322816105487,0.3052978573110431,0.0,0.2890814838814191,0.5709136562449376,0.008909768346023004,0.0,0.00494087153734003,0.007816296776283817,0.3361431598775606,0.6638568401224394,1.8333333333333333,0.0,1.0166666666666666,1.6083333333333334,0.8772727272727273,1.083229573816812,0.07468395566767863,0.800053638567062,0.2202292873583895,29.07610077701907,26.37254532611255,1.187985287203619,0.03418883918059807,8.992606545797033,0.46318645715211404,1.2013202267827618,1.1812331556354894,0.040487531521434576,0.03099950344044832,28.928131129167834,29.15102504078882,26.33412720650042,26.39199829751011,0.6690369672710148,0.7174278509386383,0.9411931616656026,0.949471915506481,0.826946847960445,0.1688504326328801,0.6048504826936661,10.767836119613845,0.6251822452616232,,,,,,,0.28971038380032965,0.27793736755356724,0.214221803626089,0.21813044502001414,0.0,0.5083333333333333,10,,
2026-04-27 21:24:15,18,439459,league,-0.006894364283502179,0.3572904786645131,-2.0027324804370266,0.013702883883383626,0.1295383856704198,4,1.8141545004795252,0.18857797983203836,0.00864627461523358,0.0049153353799969305,0.103087062450425,0.04606235503590632,8.291157236280921e-05,-0.0106109508915878,0.0004061903407936959,-0.00494699216052642,-0.014942117876436888,0.9450424468906129,0.8077094926682643,0.8546806498753546,0.8665459730221563,0.8665459730221563,0.8561880186197126,0.8330659254796939,0.7823801323302819,0.7252581589413638,0.7741935483870968,0.9210526315789473,1.0,1.0,-0.020649109035730362,0.0030729854479432106,0.7640205820366988,0.7989521285283372,0.8325431729440355,0.8360957557047816,1.0,1.0,0.0,0.056582314472561845,0.004143141476095699,0.07660749827369105,0.08221292497664405,0.011779519883017182,0.5107843535480726,0.09289573093951826,0.0671838823672773,0.005605426702953004,0.2978999959380966,0.01697875624517649,0.1883504610260368,0.07612006986473861,0.23875868231853448,0.0,0.5622080506925545,0.23319084737239126,0.09424189087251697,0.2955996982650239,0.0,0.2937162354279215,0.5139932572403428,0.008651854258905724,0.0,0.004711807953206873,0.007758235509159593,0.36364093537842596,0.6363590646215741,1.6904761904761905,0.0,0.9206349206349206,1.5158730158730158,0.8967136150234741,1.084878551672115,0.07545447973152233,0.8046292777619086,0.21374907779357782,30.10545637415137,27.26914759869248,1.177684035274229,0.028312798591903447,9.249685692733216,0.4339331410699054,1.1853489920661322,1.1733039734311554,0.034158484303692435,0.024972340761814447,29.802102060572533,30.278805120910384,27.15309085880238,27.33546704599336,0.6687452853909982,0.6743189047158069,0.9350403034613561,0.9533023735810113,0.8346143652266101,0.1619401007156109,0.6124717123459894,10.300125722906714,0.5910881839229863,,,,,,,0.29504651747548405,0.2529041991450842,0.22720643701282373,0.224842846366608,0.0,0.5079365079365079,10,,
2026-04-27 21:38:17,19,464437,self,-0.006861240042335525,0.37967917657628353,-2.198019502418382,0.015124436327628986,0.14074015024840375,4,1.9884718253600353,0.2095476708717036,0.009186925308016243,0.005724996401781658,0.11091402709503106,0.05246975092331366,0.0018990151333173198,-0.010088077508207222,0.005604932340459604,-0.005317879734166063,-0.01756513732084233,1.0538073504684122,0.8968692449355433,0.8510751462654813,0.8682279968280724,0.8682279968280724,0.8577972595856178,0.8354767465206961,0.7895671108376133,0.7140225099494666,0.7631578947368421,0.9166666666666666,1.0,1.0,-0.02297140471637249,0.006943356245756149,0.7560933044840475,0.7811186486165957,0.8183012357974373,0.8310652285436055,1.0,1.0,0.0,0.06505725038033469,0.004243734486347986,0.08763712066618624,0.07983025062054608,0.013531908079109617,0.5676595403955481,0.11434061974537593,0.0664584834654496,0.0056850028024661705,0.31828008647609896,0.020177756425654576,0.20998478661221875,0.0797902153895428,0.25866762751221073,0.0,0.5414764993194011,0.234130881171324,0.08896527095795018,0.28841174895098654,0.0,0.30955240611738327,0.58731683881816,0.008607574665705822,4.003523100328289e-05,0.0044439106413644005,0.007606693890623749,0.34514775466476205,0.6548522453352379,1.7338709677419355,0.008064516129032258,0.8951612903225806,1.532258064516129,0.8837209302325582,1.087244442460495,0.07582230795356865,0.7942739808103437,0.2226629350361815,29.668958128738506,26.81943576466387,1.1896051212310286,0.028702794393357735,9.792473886260156,0.47926175034029944,1.190721323246321,1.1890168135294439,0.035049146404552506,0.025357873210633947,29.928091050181067,29.53237900477164,27.259958613554062,26.587252897068847,0.6833764842424783,0.6934816347646146,0.9502385821404227,0.9496096522356281,0.8522065955383124,0.14354995150339475,0.5929381305240603,11.251316846710115,0.6372407718792538,,,,,,,0.2800642799750022,0.25912864922774753,0.22341755200428534,0.2373895187929649,0.0,0.6129032258064516,10,,
2026-04-27 21:52:04,20,488770,exploiter,-0.008565292326752974,0.3144515662610102,-1.9000158192911698,0.013314146317936142,0.1252399127130733,4,1.7178973214632554,0.18211849417088855,0.008304779690566,0.004843569601957372,0.09916887965774973,0.044346084632954676,0.00021128508609706973,-0.009560678913409771,0.00020548226688036822,-0.004809517938601898,-0.01349245880080548,0.924135947067768,0.7836271729749723,0.8479565971450171,0.8716648713345302,0.8716648713345302,0.8610796840455456,0.8378630231668333,0.7880672765953387,0.7292286882530047,0.7777777777777778,0.925,1.0,1.0,-0.021678967401385307,0.011391856707632542,0.7675466804457394,0.8034072455496278,0.833891430523325,0.8436578846545723,1.0,1.0,0.0,0.05864463896765709,0.004027452430855217,0.07783668269428348,0.07302839764928287,0.011959067932437431,0.5045822545514322,0.08774092795791723,0.06037069000945219,0.005178153125385279,0.2944149919861916,0.01623309908354909,0.16500226030493567,0.07430238770394115,0.23634570336579952,0.0,0.5698434225126372,0.210562198447661,0.0948185441577512,0.3016047828823159,0.0,0.2732503184975137,0.5103768544774586,0.008383676488719023,0.0,0.004438416964615954,0.007726133234701845,0.3486993916509335,0.6513006083490664,1.6585365853658536,0.0,0.8780487804878049,1.5284552845528456,0.9215686274509803,1.083014474512272,0.07526232983831167,0.8080313859922615,0.2109241813101199,28.940056639395845,26.283721418082653,1.1790836550892414,0.032305433186490456,8.608978393119362,0.4205400073973616,1.187428940975083,1.1746156781301498,0.036095653481726574,0.03027618970931637,29.154008121522033,28.825509300265722,26.624154008121522,26.101457444238665,0.6611076148521082,0.6662656038502031,0.9342137048071504,0.9548882127265511,0.8328584995251662,0.16307149640482974,0.6137507866582756,9.448185441577513,0.5787613528952451,,,,,,,0.30286343612334804,0.2592825676526117,0.21900566393958465,0.21884833228445563,0.0,0.5040650406504065,10,,
2026-04-27 22:05:27,21,513627,league,-0.012098280215062774,0.2503697884149658,-1.8844358820181626,0.014331341056710701,0.1370612980559086,4,1.6980981649496616,0.18633771755804235,0.009142887119490366,0.005095863851154438,0.10947716345007603,0.048241987174902204,-0.0012556945729573163,-0.010563704389105687,-0.0036207104638532406,-0.0048107173029730025,-0.013232731222593228,0.9101661503801746,0.7762400933338698,0.8528553748231966,0.8675373043142507,0.8675373043142507,0.8564215974840766,0.8320018217355827,0.7764977640891995,0.7280262482936558,0.7777777777777778,0.9230769230769231,1.0,1.0,-0.0189654640853405,0.01846141368150711,0.7626056215260656,0.8027090913394441,0.8355432534612783,0.8403051204216989,1.0,1.0,0.0,0.05567848091080983,0.0035804803475882043,0.07466709578790683,0.07820734601922999,0.015287444180713683,0.4963189443617492,0.08898901717825965,0.05954057207225329,0.004827613951804321,0.2908235104799453,0.016856418715050087,0.15134569738906545,0.07201190811441445,0.23566802108058094,0.0,0.570905579917126,0.19497279087846592,0.09277014770665976,0.3036019694221301,0.0,0.27871424548416945,0.4975258478497003,0.008649474996982742,0.0,0.004023011626503601,0.0078046425554169855,0.35905675045348534,0.6409432495465146,1.7338709677419355,0.0,0.8064516129032258,1.564516129032258,0.9023255813953488,1.086402694998705,0.07547737376008407,0.8074946982713131,0.2148473251493966,28.61103912930811,25.93905156776367,1.1863388979019793,0.03119979269240736,8.523607152111946,0.4269622239208271,1.2111186444543658,1.1724572706589196,0.03709584295612009,0.027896822188081184,28.01602193995381,28.944368076332175,25.502886836027713,26.18339128325382,0.6586680487172842,0.6355369515011547,0.937171504811191,0.9548901673640168,0.8087505032881492,0.18547845926721246,0.6197460481990152,9.5215859030837,0.5734400772418232,,,,,,,0.27825861622181913,0.27001813941435604,0.2180357605597305,0.23368748380409432,0.0,0.4274193548387097,10,,
2026-04-27 22:18:58,22,538208,exploiter,-0.007323864486715105,0.2737850382962684,-2.0651930970540318,0.016763914740719355,0.14855691387168485,4,1.8595855713199458,0.20560752377493086,0.010442998493542664,0.00607088590497341,0.12013034327582992,0.0546267810880829,0.00023579187177088032,-0.010744477441926694,0.0008136365485537611,-0.005299214840730643,-0.015682356291444606,1.017615231276189,0.8691265611651275,0.8540817142400255,0.8678722186449167,0.8678722186449167,0.856880840781391,0.8329360980142081,0.7820324137254377,0.7226440927004594,0.7709588353413654,0.9230769230769231,1.0,1.0,-0.018958086147904396,0.02703825943171978,0.7569928647784009,0.8022404391916345,0.8257654904981475,0.8352255812806207,1.0,1.0,0.0,0.05898864977014767,0.005247955738171758,0.08425206460274196,0.08384524632846507,0.013953866807697002,0.5455026239778691,0.10154184125950938,0.0718034254098694,0.0068345470078515925,0.3135348439851918,0.02005614092185021,0.20263618241731418,0.07876001790000407,0.25483096700703795,0.0,0.5437939872259062,0.23314922299194907,0.09061973413218498,0.29320351994008614,0.0,0.3116227980960905,0.557503763069037,0.009519547618079004,0.0,0.0044343191896179975,0.008502501932386802,0.35854708856019474,0.6414529114398053,1.8870967741935485,0.0,0.8790322580645161,1.685483870967742,0.8931623931623932,1.0851090619734136,0.07550573601647918,0.801963143313497,0.2193974360825525,28.832007114772516,26.122121325594456,1.1831019011945412,0.028131436060662797,9.021906010110467,0.4706480615109231,1.186614930896102,1.1811382549953324,0.032114882506527415,0.02590484530064215,29.10065274151436,28.681844716870987,26.533681462140994,25.89207530647986,0.6760438120202209,0.6828981723237598,0.9424985405720957,0.95,0.8296138415245737,0.16562186559679037,0.609717281407976,10.408584534731324,0.626500142386396,,,,,,,0.28262497659614305,0.27873993634150906,0.20693690320164762,0.23169818386070024,0.0,0.5161290322580645,10,,
2026-04-27 22:32:15,23,562835,self,-0.010499351340650045,0.23670639023377796,-1.9189749509868226,0.016530834567250914,0.1505705990630728,4,1.729154301430895,0.18982064704666485,0.010378530663993074,0.005900358575380557,0.12188567543508476,0.05372234711355959,-0.0008918504080886831,-0.011143501035448897,-0.0018272627603849434,-0.005081820765826122,-0.01375035530109229,0.957160839728753,0.8124010232671458,0.8487612421517055,0.8639724680432646,0.8639724680432646,0.8520082300998757,0.8260159254923652,0.7692080739022504,0.7317322784955376,0.78125,0.9259259259259259,1.0,1.0,-0.020808683708310127,0.01686832681298256,0.7717982495230922,0.805119508694943,0.8454759116849951,0.8439254103201714,1.0,1.0,0.0,0.05761968571080522,0.006375116741787469,0.0807650140090145,0.07191294108092744,0.01193811670118163,0.5294595362813173,0.09700734965688065,0.05997482437974581,0.005238153246436838,0.30409712916717424,0.01839444512120843,0.18638080155926423,0.0732529337718764,0.24923864051650627,0.0,0.5535387988792788,0.22941970310391363,0.09016844104563403,0.3067926225820963,0.0,0.27571364762252815,0.5366873756446177,0.008649043732488731,4.060583911966541e-05,0.004101189751086206,0.0072278393633004425,0.339381216574199,0.6606187834258009,1.704,0.008,0.808,1.424,0.8356807511737089,1.0843999600139955,0.07565689121409284,0.812555713395904,0.20839019284901159,28.429249762583098,25.76593192382666,1.188698135310434,0.030439346228819913,8.462788024191532,0.4465018069598408,1.2003936092032579,1.18268979243896,0.03799705449189985,0.026556707270938944,28.21561119293078,28.53900279942498,25.720471281296025,25.789286524930013,0.6636177337931723,0.6656848306332842,0.9404554740107437,0.9530345001259128,0.822239522512002,0.1733489035941352,0.6255310641275553,8.780776728145149,0.6012506598448857,,,,,,,0.28325086219823065,0.2896486229819563,0.1937821762383166,0.23331833858149648,0.0,0.464,10,,
2026-04-27 22:45:52,24,587695,league,-0.011031340882301522,0.22586632129282525,-1.7852829314195193,0.01575955361406215,0.13675309070982994,4,1.6084695019783117,0.1768134253481642,0.009769047969856705,0.00568061464736018,0.11091889885182564,0.0494619963499598,-0.0007459533386967014,-0.010336162510056314,-0.0036202735317779565,-0.004729686242960577,-0.013120032180209162,0.8804907481898633,0.7571198712791634,0.8598839599798985,0.8707784580782206,0.8707784580782206,0.8594352362076101,0.8350256457107059,0.7811460522825133,0.7293812355015407,0.7804878048780488,0.9285714285714286,1.0,1.0,-0.014929709024727345,0.014186336658895016,0.7646657705317287,0.8019581217782444,0.8376182938763421,0.8417537750826566,1.0,1.0,0.0,0.052011263073209975,0.004585679806918745,0.0667739340305712,0.07345132743362832,0.014722445695897023,0.47638777152051487,0.08849557522123894,0.06355591311343524,0.00414320193081255,0.28467417538213996,0.01729686242960579,0.18616251005631537,0.07156074014481094,0.23041029766693483,0.0,0.5857602574416734,0.24588247795133356,0.09451705451067899,0.3043247263840187,0.0,0.27477876106194693,0.48234111021721643,0.0083266291230893,0.0,0.004344328238133548,0.007240547063555913,0.3629263627669748,0.6370736372330252,1.6428571428571428,0.0,0.8571428571428571,1.4285714285714286,0.8695652173913043,1.0864520242269688,0.0753553076267221,0.808641746512269,0.21740537066986562,28.58038465625332,25.900435660397406,1.178010631683218,0.03028371055148231,8.664435235362873,0.4177795655671762,1.1907189995022338,1.170770963551143,0.039818474601083294,0.02485197231256776,27.89210950080515,28.97247935951964,25.39467135119309,26.18855808523059,0.6578472000850069,0.6568584394671351,0.9302810441164207,0.9523111762355135,0.8179830554796392,0.17668761956818804,0.6246945064286473,9.853044309850175,0.5567980691874497,,,,,,,0.26357454043141004,0.3011369673785995,0.19578153224949527,0.23950695994049517,0.0,0.42857142857142855,10,,
2026-04-27 22:58:57,25,611122,exploiter,-0.011076553216654524,0.25643763127331826,-1.9299967667978744,0.017738237395208377,0.1533167742435699,4,1.728877420010774,0.2011193440336248,0.0114949462389948,0.006175884444889127,0.12585272307953108,0.056647701553352504,-0.0002518461604131984,-0.011125709651257096,-0.001920860545524395,-0.005244803005079609,-0.01441738165364749,0.9728091518333547,0.838348913646647,0.8617814831066257,0.8681612115777413,0.8681612115777413,0.8566935282697584,0.831089845965308,0.7764642886563967,0.7311580335738668,0.7777777777777778,0.9259259259259259,1.0,1.0,-0.01458442211151123,0.013328395783901215,0.7679177030167248,0.8070676631954892,0.8379878896486248,0.8478400997071217,1.0,1.0,0.0,0.05194860630895975,0.0042258932001536685,0.07828573867759422,0.06727280488325436,0.013616766978272934,0.5467195970461434,0.09962863362786528,0.06402868485081316,0.0067016690143851115,0.31613096000341484,0.017885345968327145,0.17633499807913947,0.07286464336022538,0.2611516626115166,0.0,0.5479147991633585,0.21033604887983706,0.08691446028513239,0.3115071283095723,0.0,0.27750032014342424,0.5608485935032228,0.008622529559909506,0.0,0.004268578990054211,0.007640756392197037,0.3310081466395112,0.6689918533604888,1.6974789915966386,0.0,0.8403361344537815,1.504201680672269,0.8861386138613861,1.0857617107942978,0.07448588379176727,0.8125574939276513,0.2090718549408324,28.668686354378817,25.961863543788187,1.1861876922460888,0.03019348268839104,8.598676171079429,0.4653604814957101,1.1961887930591881,1.1812392824442808,0.03999384710044609,0.025344394550574627,28.56114443931703,28.72189664358018,25.972927241962775,25.956389375142706,0.6620162932790224,0.6666666666666666,0.9383514727148184,0.9561661341853035,0.8296645702306079,0.1650943396226415,0.6256109979633401,8.97785132382892,0.6177487514406454,,,,,,,0.26013238289205703,0.30631364562118124,0.20330957230142566,0.23024439918533604,0.0,0.46218487394957986,10,,
2026-04-27 23:12:08,25,611122,eval,-0.011076553216654524,0.25643763127331826,-1.9299967667978744,,,,,,,,,,,,,,,,,,,,,,,,,,,,,,,,,,,,,,,,,,,,,,,,,,,,,,,,,,,,,,,,,,,,,,,,,,,,,,,,,,,,,,,,,,,,,,,,,0.025465230166503428,0.04311649016641452,1.2150675008165452,1.15417955967891,0.03290529695024077,0.03815028901734104,,,,,,0.4,10,791.7248470783234,1576.2530233860016
2026-04-27 23:24:12,25,611122,exploiter_eval_main,,,,,,,,,,,,,,,,,,0.8561821003621314,0.7263321262286602,0.8483383685800604,,,,,,,,,,,,,,,,,,,0.0,0.059493016037247805,0.007242628039317123,0.06311433005690636,0.0693222969477496,0.011381272633212623,0.47594412829798244,0.08691153647180548,0.06259699948266943,0.005173305742369374,0.28660113812726334,0.015519917227108122,0.1950336264873254,0.05845835488877393,0.24366270046559751,0.0,0.5830315571650284,0.26851851851851855,0.08048433048433049,0.33547008547008544,0.0,0.22866011381272633,0.4976720124159338,0.008277289187790998,0.0,0.0036213140196585617,0.006725297465080186,0.3148148148148148,0.6851851851851852,1.6,0.0,0.7,1.3,0.8125,1.087784900284897,0.07430116509067998,0.8235722846553181,0.2015123466390182,28.15811965811966,25.44017094017094,1.1754201099490436,0.03133903133903134,8.308404558404558,0.4154164511122607,1.1994635881902431,1.1643731064328173,0.029411764705882353,0.032224532224532226,25.420814479638008,29.415800415800415,22.993212669683256,26.564449064449065,0.6524216524216524,0.6968325791855203,0.9334719334719335,0.964041095890411,0.8125,0.17881944444444445,0.6424501424501424,8.487179487179487,0.55406104500776,0.03526448362720403,0.02622950819672131,1.1885689858846005,1.1583050156985015,0.037996545768566495,0.02349869451697128,0.24572649572649571,0.3084045584045584,0.2101139601139601,0.23575498575498577,0.0,0.55,10,723.2593402862549,
2026-04-27 23:24:12,25,611122,exploiter_eval_opp,,,,,,,,,,,,,,,,,,0.6495412844036698,0.563302752293578,0.867231638418079,,,,,,,,,,,,,,,,,,,0.0,0.04709480122324159,0.0012232415902140672,0.037920489296636085,0.05198776758409786,0.007951070336391437,0.3492354740061162,0.05749235474006116,0.04342507645259939,0.00672782874617737,0.21651376146788992,0.012844036697247707,0.12538226299694188,0.06972477064220184,0.1596330275229358,0.0,0.6434250764525994,0.22258414766558088,0.1237785016286645,0.28338762214983715,0.0,0.26299694189602446,0.3003058103975535,0.009785932721712538,0.0,0.004892966360856269,0.009174311926605505,0.46688382193268185,0.5331161780673181,1.6,0.0,0.8,1.5,0.9375,1.0955700325732927,0.0791603996575206,0.8222568989781761,0.2160993475062461,25.76655808903366,23.268186753528774,1.1837875190699452,0.03040173724212812,7.132464712269273,0.3033639143730887,1.1997447625522528,1.1698127437188404,0.030232558139534883,0.03054989816700611,25.267441860465116,26.20366598778004,22.732558139534884,23.73727087576375,0.6264929424538545,0.5930232558139535,0.9327902240325866,0.9626666666666667,0.7923497267759563,0.19672131147540983,0.6492942453854506,8.840390879478827,0.43914373088685016,0.014184397163120567,0.03755868544600939,1.1376645945249224,1.204142236944274,0.0136986301369863,0.03768115942028986,0.27904451682953313,0.20195439739413681,0.2290988056460369,0.2899022801302932,0.0,0.45,10,,
2026-04-27 23:38:30,26,635596,league,-0.011845631859614514,0.2503955502955553,-1.79788955169109,0.01670231880785882,0.1431164863994733,4,1.6256042735185474,0.1722852795404227,0.011311738670580477,0.005006366875325814,0.1218261718992532,0.04449306390597485,-0.00029492522677126737,-0.009932663234452889,-0.0014300890741194736,-0.004739723788510254,-0.014347552504698848,0.9094549317643214,0.7758846122415625,0.8531314583520532,0.8699883339482107,0.8699883339482107,0.8594092553593606,0.8358569318692609,0.7834708610126406,0.726787672678602,0.775,0.9230769230769231,1.0,1.0,-0.009842281229794025,0.013224754482507706,0.7653840719502494,0.8007170129254289,0.8380405912364625,0.8336771775887463,1.0,1.0,0.0,0.05446596388003596,0.004045109095366511,0.07505924654735638,0.06974748712919833,0.011971888534771595,0.49468824058184196,0.0926697720029419,0.06173898831412928,0.004903162539838196,0.2847511645011032,0.01752880607992155,0.15653346408433438,0.06974748712919833,0.23253248345182642,0.0,0.5753861240500122,0.20174838064142397,0.08989414924429934,0.2996998262151772,0.0,0.27494483942142683,0.5009397728201357,0.008131077878565008,4.085968783198496e-05,0.004290267222358421,0.007109585682765384,0.35436305229343307,0.645636947706567,1.6446280991735538,0.008264462809917356,0.8677685950413223,1.43801652892562,0.8743718592964824,1.0843509400179054,0.07575328705781204,0.8055352077024303,0.21251469950814864,29.6886618568645,26.935225656959293,1.1909185221547207,0.030333350887355837,9.245931855284638,0.42130424123559695,1.2090500857692112,1.1809668670517917,0.03789567543468569,0.026182707993474715,29.890325456977262,29.577977161500815,27.25115173131223,26.761827079934747,0.6600663542050661,0.620002972209838,0.9476345840130506,0.9501216545012166,0.8401775804661488,0.15538290788013318,0.6108799831481384,10.09352783190268,0.5659883958486557,,,,,,,0.2823740060034757,0.29374901258623415,0.18889883616830797,0.2349781452419822,0.0,0.47107438016528924,10,,
2026-04-27 23:51:53,27,659801,self,-0.009816794481594115,0.260257987207488,-1.816999521067268,0.019611209287464456,0.1554236779283536,4,1.6353399085371119,0.18165961567214445,0.012959957394540604,0.006414025130681311,0.13168095270858,0.05338594385079647,-0.00046244990704399875,-0.011284362734972115,-0.0014459822350753977,-0.004934930799421606,-0.01380086758934104,0.934228465193142,0.7972319768642843,0.8533586874806527,0.8719364877116463,0.8719364877116463,0.86156034542241,0.8389839582296739,0.7906478862324176,0.7294406906497166,0.7777777777777778,0.9242424242424242,1.0,1.0,-0.010068974457681179,0.014237106777727604,0.7583182800920001,0.8022492734273784,0.8476537072694637,0.848201828314887,1.0,1.0,0.0,0.0599876058665565,0.004090064036356125,0.07291881842594505,0.07444742821731047,0.013881429456723817,0.5124974178888659,0.09481512084280107,0.061185705432761826,0.006197066721751705,0.3025407973559182,0.019417475728155338,0.1800041313778145,0.07267093575707498,0.24928733732699856,0.0,0.570832472629622,0.22578639166709852,0.09115406539876665,0.3126910918795668,0.0,0.2791571989258418,0.5180747779384425,0.008014872960132204,4.131377814501136e-05,0.00425531914893617,0.007105969840941954,0.35015805565631963,0.6498419443436804,1.6302521008403361,0.008403361344537815,0.865546218487395,1.4453781512605042,0.8865979381443299,1.082912888013681,0.07463190372259662,0.8089681754060267,0.2126578861046221,28.84609006581334,26.18764574804374,1.1856847387167897,0.03523863813027932,8.655490490749857,0.4405701301384012,1.2120445068142944,1.1714811539452716,0.04291845493562232,0.03110047846889952,28.506289773568152,29.029186602870812,25.97780079917123,26.30071770334928,0.6625382183759133,0.6545804351043363,0.942822966507177,0.9507250096240215,0.8198519693365054,0.17657943431139309,0.619008135979686,9.563662745504482,0.5859120016525511,,,,,,,0.2807690314556667,0.3022749650204695,0.19490076177644194,0.2220552417474219,0.0,0.47058823529411764,10,,
2026-04-28 00:05:37,28,684485,league,-0.012293653472186757,0.23985137351803057,-2.0616847736847834,0.024057524727070335,0.17511783965858463,4,1.8512006496209554,0.21048412978687744,0.015838389849492922,0.008059079958930602,0.1495049534645414,0.06116793201898509,0.0007573164803111324,-0.011365945551774432,0.0014179225409171933,-0.005383649327499589,-0.01607397504456327,1.0621050072921732,0.8905363798411927,0.8384635923255903,0.8664580073030778,0.8664580073030778,0.8558521109263613,0.8324738620732598,0.7810162541591014,0.7198727583933806,0.7692307692307693,0.9229111405835544,1.0,1.0,-0.012706644833087921,0.013579875230789185,0.7450075722028382,0.7944073783462366,0.8342367993086731,0.8359801572348131,1.0,1.0,0.0,0.07040998217468805,0.006279371252633285,0.09487927402365905,0.08357640576891914,0.014381785772160104,0.5547318100794036,0.11047642197374817,0.0748663101604278,0.006400907470426187,0.31765516123804893,0.01997245179063361,0.19579484686436557,0.07839086047642198,0.2592367525522606,0.0,0.5377977637335926,0.21986170503138933,0.08802656719133836,0.2911018105722864,0.0,0.30448873764381784,0.5860476421973748,0.0087911197536866,0.0,0.004132231404958678,0.007575757575757576,0.3419161131835138,0.6580838868164862,1.736,0.0,0.816,1.496,0.8617511520737328,1.0851746883814035,0.07543501331332435,0.7983903173841749,0.22250049512615447,28.955782003457376,26.226867436993903,1.1829586461718213,0.032981530343007916,9.024883995996724,0.4874817695673311,1.1955567334516468,1.1764131447204762,0.036455561468866415,0.031176551914834785,28.364555614688665,29.26296142679386,25.836748270356573,26.429558965850962,0.6839687016649987,0.6781532730175626,0.9434536153739803,0.9512838972882169,0.8312985571587126,0.16500184979652238,0.6045400782458376,10.82726776453462,0.6386323124291039,,,,,,,0.2760440360294787,0.2918296788281321,0.19802565735601857,0.23410062778637067,0.0,0.528,10,,
2026-04-28 00:19:53,29,709554,league,-0.009568475264039042,0.23011936637458905,-1.8415526711210912,0.020380041057891672,0.1552186760747311,4,1.656336442700454,0.1852162366599909,0.013839646398769312,0.005923318710060533,0.133296667275076,0.04969690174662641,-4.3144920020742694e-05,-0.010307910167936493,0.00039889903865331685,-0.0050911484303322796,-0.014693685428218107,0.9547249591128485,0.8164665523156089,0.8551850923372608,0.8738968271853055,0.8738968271853055,0.8628425180681255,0.8387799172215225,0.7881272363564646,0.732736567282454,0.7857142857142857,0.9285714285714286,1.0,1.0,-0.009952480904757977,0.015093700028955936,0.7689926920609158,0.807693119915394,0.839010083271685,0.8432944411196778,1.0,1.0,0.0,0.055726195699868364,0.0029917427898998763,0.07954046830747138,0.07467390003590091,0.011767521640272846,0.5287007858311061,0.09956520004786788,0.059276397143882886,0.005704256252742431,0.30045075591367826,0.019067374047628545,0.19214966691930271,0.07391599186245962,0.24560213809884718,0.0,0.5614902868084088,0.23534297439906196,0.09053156146179402,0.3008110220832519,0.0,0.2764769236906139,0.539989628624995,0.0072998524073556986,0.0,0.0035900913478798518,0.006581834137779728,0.3386261481336721,0.6613738518663279,1.525,0.0,0.75,1.375,0.9016393442622951,1.0853747312878639,0.07547078021176401,0.8116225147321325,0.21187364296731298,28.66186241938636,26.000195427008013,1.1803329288833768,0.029509478209888605,8.998338870431894,0.4438150704056803,1.1964323068218683,1.1720899807787977,0.03433847929591689,0.02703700967718106,28.49718655316693,28.746177144123514,25.979800894531813,26.010637512004138,0.6647938245065468,0.6685903909969702,0.942232400088646,0.9495630461922597,0.8257080610021786,0.17006279636037422,0.6235587258159078,9.609781121751025,0.5935617695161355,,,,,,,0.27340238420949775,0.2955344928669142,0.1951827242524917,0.23588039867109634,0.0,0.5083333333333333,10,,
2026-04-28 00:32:57,30,733998,exploiter,-0.011137874311211651,0.2145689944078395,-1.9125915570720953,0.024672991696754486,0.1719855044368674,4,1.7200764172676346,0.19251513902917114,0.016640302812295397,0.0071251253094292534,0.14939080705349359,0.056670642618811565,0.0005455244640811662,-0.010732981508754704,-0.00020454917362133857,-0.005096956308296509,-0.015925707740140717,0.9795859924725904,0.8415971199476354,0.8591355188974734,0.870201463833601,0.870201463833601,0.8593049128480124,0.835859864930053,0.7851117966689346,0.7220516534139718,0.7692307692307693,0.9230769230769231,1.0,1.0,-0.01324619073420763,0.016489027068018913,0.7543049421120478,0.7956415613940376,0.8341131344791503,0.8384060532816809,1.0,1.0,0.0,0.05637375225004091,0.0047455408280150544,0.07686957944689904,0.07453771886761577,0.014154802814596629,0.5335869743086238,0.10689739813451153,0.06328751431844215,0.006463753886434298,0.3055146457208313,0.02041400752740959,0.17820324005891017,0.07429225985927017,0.2516363933889707,0.0,0.5636966126656848,0.21174411821893838,0.08827532568539763,0.2989986389266965,0.0,0.28276877761413843,0.558828342333497,0.00805923744068074,0.0,0.004786450662739323,0.0075274095892652595,0.3359906669259187,0.6640093330740813,1.6016260162601625,0.0,0.9512195121951219,1.4959349593495934,0.934010152284264,1.0868870309158085,0.07586542800532253,0.8025138081123847,0.2170482125277918,28.970007777561733,26.178349212521873,1.1976418318533528,0.028193661287186467,9.461598288936418,0.4513582065128457,1.2040724926553092,1.1943878986569307,0.037905092592592594,0.023279648609077597,28.03269675925926,29.44428989751098,25.479600694444443,26.531918008784775,0.6717868948084775,0.7129629629629629,0.9360907759882869,0.9470315049579515,0.8327314934227495,0.16262574155274698,0.6056290103052693,10.20693175189578,0.59748813614793,,,,,,,0.26589539179467236,0.2971028582539374,0.1921057748395878,0.24489597511180244,0.0,0.4959349593495935,10,,
2026-04-28 00:46:48,31,758548,league,-0.011412637468917334,0.1872813069348922,-1.8802736496242385,0.02552844724802611,0.17892316433911523,4,1.690935050137341,0.18933859801230332,0.01728834183146925,0.0074167388511341414,0.15746132847076902,0.05703117022737084,-0.00020529531568228143,-0.010795723014256615,-0.0026476578411405295,-0.0050610997963340095,-0.014813441955193482,0.975315682281059,0.8233401221995926,0.8441780821917808,0.868589713021335,0.868589713021335,0.8576409906204571,0.8342953387303987,0.7863854374105966,0.7219006329757932,0.775,0.9230769230769231,1.0,1.0,-0.011227043345570564,0.020791511982679367,0.7430681778741921,0.7914172265864524,0.8387225515458602,0.8508380443105734,1.0,1.0,0.0,0.06439918533604888,0.006232179226069247,0.08134419551934827,0.07604887983706721,0.013075356415478615,0.5231771894093686,0.1019959266802444,0.0690020366598778,0.006720977596741344,0.2970672097759674,0.0195112016293279,0.18427698574338086,0.07494908350305499,0.24162932790224032,0.0,0.5622810590631364,0.22381635581061693,0.09103052490971157,0.2934744966110919,0.0,0.2931975560081466,0.5301425661914461,0.009327902240325866,0.0,0.004887983706720978,0.008309572301425662,0.35610745559788254,0.6438925444021174,1.832,0.0,0.96,1.632,0.8908296943231441,1.087016771384753,0.0750621739076204,0.8027346227955143,0.22215016470279503,29.140602582496413,26.37673774303666,1.1913776463050372,0.03280067283431455,8.995943204868155,0.45124236252545824,1.2034333095941399,1.1847102114717718,0.039872186718532925,0.0288897426046869,28.568908030008334,29.4567806377257,26.003056404556823,26.58340376488667,0.6735764112205016,0.6804667963323145,0.9509028044563964,0.949305198147195,0.8230474428439276,0.17126998810625083,0.6147034086973729,10.954732103101964,0.5987780040733197,,,,,,,0.26962845693365656,0.27521891851778557,0.2221837431356058,0.23296888141295205,0.0,0.448,10,,
2026-04-28 01:00:32,32,782400,self,-0.010983567354941671,0.20770030699789843,-1.8579570255815026,0.02478674720144963,0.1795042461870029,4,1.6784817216230585,0.179475303838916,0.017334091493282168,0.006591495358693926,0.1583721363408999,0.052383059376781,-0.00020741237632064354,-0.010896696293811835,-0.00020962602716753312,-0.005111101794398788,-0.014782156632567493,0.9655374811336576,0.8263877242998491,0.8558836300477638,0.8708525921147718,0.8708525921147718,0.859507624374759,0.8349497967814229,0.7816924465963547,0.7278786122343928,0.7777777777777778,0.9285714285714286,1.0,1.0,-0.018144598230719566,0.019904134795069695,0.7622073002466799,0.7972496164071917,0.8363431908315699,0.84633927852788,1.0,1.0,0.0,0.05467046788529264,0.004402146570518195,0.08007714237799765,0.06787690759684722,0.011864833137682374,0.5410028509139695,0.09827268153613952,0.0556766728156968,0.0058276035552574205,0.31154620157638774,0.01861479121247694,0.1702163340600369,0.07710045279221868,0.25306053999664596,0.0,0.5494298172061043,0.20597635837857034,0.09329815838871695,0.30622495053523413,0.0,0.2678182123092403,0.5585695119906088,0.010565151769243669,0.0,0.005114875062887808,0.00930739560623847,0.3240829993404698,0.6759170006595302,2.016,0.0,0.976,1.776,0.8809523809523809,1.0864517274618237,0.07420504708009532,0.8078969749768722,0.21553648641483694,28.96179798082289,26.240576327938715,1.1835299840228894,0.026939272487443558,8.943838465831261,0.45782324333389235,1.1872391941867873,1.1817515231261713,0.03177833437695679,0.024619079786834797,28.576549780839073,29.1465135479997,26.065122103944898,26.324701643773924,0.6578052863883112,0.6410457107075767,0.9435562560984763,0.9537777777777777,0.8330716902145474,0.16287284144427003,0.6184871391608746,10.196996600882756,0.6062803957739393,,,,,,,0.2611739637765715,0.2902440261782761,0.22221094820151185,0.22637106184364061,0.0,0.496,10,,
2026-04-28 01:14:45,33,807598,self,-0.008568232987775717,0.2113715812497711,-1.8333594221148999,0.027046588252274715,0.17994779647153042,4,1.6492735258667601,0.18408589309488002,0.018085682619277975,0.008232714218549314,0.15758320832918138,0.05958770765322568,0.0001164378125248034,-0.010589173743947933,-0.0005952853401063577,-0.0049634891658068055,-0.014542106516390176,0.9509484879752361,0.813477260100008,0.8554377764794258,0.869386540450919,0.869386540450919,0.8581454973308191,0.8334747743093991,0.7806973895736048,0.7272230061504404,0.7777777777777778,0.925,1.0,1.0,-0.01878354698419571,0.02134525403380394,0.7581576398686741,0.7959608226395396,0.8322430171307251,0.8433425020020189,1.0,1.0,0.0,0.05893324867052941,0.004722597031510438,0.07381538217318835,0.07524406698944361,0.011310421462020796,0.5262322406540202,0.09671402492261291,0.05817922057306135,0.005754424954361457,0.3031192951821573,0.01972378760219065,0.18414159853956663,0.07119612667672037,0.2516469561076276,0.0,0.563576474323359,0.22636354766318664,0.08752073373012001,0.3093472533905747,0.0,0.2606556075879038,0.5528216525121041,0.008413366140169855,0.0,0.00412731169140408,0.007341852527978411,0.320421504537028,0.679578495462972,1.696,0.0,0.832,1.48,0.8726415094339622,1.0858288613523277,0.07374406764751182,0.8047397777286157,0.21491581039396124,28.935018050541515,26.289150160991316,1.1762100396369368,0.029563859888769636,8.938237876866035,0.4451146916421938,1.1817056722238435,1.1736188468996225,0.0357795371498173,0.026633165829145728,28.945797807551767,28.929935391241923,26.47533495736906,26.201363962670495,0.6656259147233876,0.6691534713763703,0.9395549174443647,0.9482483097725876,0.8242661943319838,0.17181174089068826,0.6101570884964387,10.039418479851692,0.5911183427256131,,,,,,,0.2644160405893258,0.2851009854619963,0.2315347838813543,0.21894819006732363,0.0,0.488,10,,
2026-04-28 01:27:38,34,831696,self,-0.009819849709630329,0.21141642639068542,-2.0224854786086968,0.0315147573062899,0.19894885041174434,4,1.8252822200930308,0.19720326131948876,0.020740749996288547,0.009236781056859485,0.17582076235560987,0.06449142157065647,0.0008951614241845803,-0.010727487758320189,0.0029048053780396715,-0.005329487924309066,-0.016449995850278024,1.0393808614822806,0.8825213710681384,0.8490837226015092,0.8689861083796685,0.8689861083796685,0.858578877929258,0.8362948938742458,0.7897216347724421,0.7193646804680911,0.7692307692307693,0.92,1.0,1.0,-0.018660804256796837,0.021915340796113014,0.7486957521773637,0.7963932645936407,0.8268736183251699,0.8408548228223617,1.0,1.0,0.0,0.06959083741389327,0.004689185824549755,0.08257946717569922,0.07946717569922815,0.014026060253962984,0.5568926881898912,0.11112955431986057,0.07004730683044236,0.006058594074197029,0.31820068055440287,0.02029214042659142,0.19433147979085402,0.07888621462362022,0.25960660635737404,0.0,0.5465598804880073,0.22020031033996332,0.08938731367846899,0.2941646682653877,0.0,0.30990123661714664,0.5726201344509918,0.00854842725537389,0.0,0.004440202506432069,0.007676985641961989,0.3511543706211501,0.6488456293788498,1.7166666666666666,0.0,0.8916666666666667,1.5416666666666667,0.8980582524271845,1.0843903700568964,0.0739122849640762,0.7996961458030222,0.22045021837691017,29.058165232519865,26.279541073023935,1.197613591031141,0.03145718719142333,9.319885268255984,0.47493567930948627,1.2105421147656499,1.1906166916000724,0.034547402249598284,0.029784767012102326,28.888457418318158,29.150010870352926,26.267541510444563,26.286035219943475,0.677904735035501,0.6668452062131762,0.9517356330168852,0.9477749172489885,0.834510595358224,0.16170534813319878,0.6038933559035125,10.667795175624207,0.629803303178687,,,,,,,0.277848309587624,0.27728405510885407,0.23059199699064278,0.2142756383128791,0.0,0.5583333333333333,10,,
2026-04-28 01:42:37,35,856388,exploiter,-0.01224320182872941,0.17959533932913152,-1.865008448844129,0.027398100600723115,0.18826840829509528,4,1.672372663654194,0.19263578486180058,0.01753153431427139,0.008186930668322549,0.16358477475575214,0.06112370465838693,-0.0006818078729953016,-0.010762149684108215,-0.0016199578810950916,-0.00514944111453102,-0.014007451806253025,0.97359468653815,0.830187915114207,0.8527038269550749,0.8655193834566032,0.8655193834566032,0.8533499482991754,0.8276656253777588,0.7720980937331227,0.7301705362300439,0.7777777777777778,0.925,1.0,1.0,-0.012526330538094044,0.023568470031023026,0.7600353662897883,0.8011130690206466,0.8360591955239967,0.8595187052792507,1.0,1.0,0.0,0.05941195528916248,0.0051028673254495385,0.07889194880933095,0.07423456990118257,0.015430098817430746,0.5299287218532318,0.10886116960959015,0.06390733840920136,0.005021869431394784,0.30358010691722015,0.02077595982504455,0.16592418597116476,0.07010367730439009,0.2542523894378746,0.0,0.5548355742750688,0.19986340797112054,0.08444314356797893,0.3062588418947266,0.0,0.27757978292564395,0.5526081321885631,0.008302284140612345,4.0498947027377285e-05,0.004049894702737729,0.007532804147092176,0.33435777354992924,0.6656422264500708,1.7083333333333333,0.008333333333333333,0.8333333333333334,1.55,0.9073170731707317,1.0867374018244793,0.07537777353802025,0.8111092603271219,0.2100573230114469,28.223962144494852,25.55256353968486,1.1935474502246204,0.0303917264256793,8.436313966534954,0.4552486635347481,1.2166321445598978,1.1819518111645995,0.03764225269915378,0.02674972517405643,28.192734169827837,28.23964822279223,25.638605194047273,25.50934408208135,0.6652031806429582,0.6511526116136562,0.9434957860021986,0.9471844175302785,0.8223076923076923,0.17384615384615384,0.620274159715108,8.792331333235767,0.6098331443382472,,,,,,,0.2818186252987951,0.2557685740767842,0.23166983755305137,0.23074296307136932,0.0,0.4666666666666667,10,,
2026-04-28 01:55:55,36,880537,exploiter,-0.012230320072304162,0.18068135151807121,-1.8103386844907488,0.026925185759215153,0.18076101973376893,4,1.6237161347948055,0.18662254777416665,0.017597862162070457,0.008231391940541842,0.15900796085162452,0.05787158614300467,-0.0010512236531533394,-0.010855604786947705,-0.00248457493063895,-0.0051219512195121945,-0.01416091763634104,0.9556089279059174,0.8194956312890803,0.8575638081206396,0.867669437259875,0.867669437259875,0.8559201844256684,0.8298187101674207,0.771940948335077,0.7314389277990916,0.782608695652174,0.9272727272727272,1.0,1.0,-0.0180471520870924,0.02495814673602581,0.7548238826694125,0.8114137534283118,0.8360536017719634,0.8567592185082827,1.0,1.0,0.0,0.056606898836390744,0.004844921114745953,0.07466147666570044,0.06691788479854238,0.011925959667066959,0.5269783427885213,0.10737504658577995,0.05880160669178848,0.004555054039504742,0.3053542589755269,0.01846867365108286,0.17073170731707318,0.07453724791916849,0.2492856847074413,0.0,0.5558822311482877,0.20833754421424963,0.09095502779181405,0.3041940373926225,0.0,0.28282744627106715,0.5366681850180132,0.008323326017640482,0.0,0.004306596546440847,0.007577953538448797,0.3451237998989389,0.6548762001010612,1.6475409836065573,0.0,0.8524590163934426,1.5,0.9104477611940298,1.0857635169277422,0.07495432776761825,0.8113802670363869,0.2119210400701508,28.315967660434563,25.706872157655383,1.1784001567027373,0.02915613946437595,8.640020212228398,0.44531864673485444,1.2016220023067512,1.1661621007246958,0.03499267935578331,0.026080246913580248,28.73792093704246,28.093595679012346,26.19970717423133,25.447145061728396,0.6643759474482062,0.6584187408491947,0.9429783950617284,0.951918158567775,0.8162055335968379,0.17931488801054019,0.6250126326427489,9.177261243052046,0.5982856432978592,,,,,,,0.2805457301667509,0.26629610914603336,0.2272865083375442,0.22587165234967155,0.0,0.45081967213114754,10,,
2026-04-28 02:09:01,37,904852,league,-0.009483041295683697,0.20711535423209793,-1.8377828737622812,0.02756493478528265,0.18911456655907002,4,1.6506081190548445,0.18717475203110984,0.018266010421058652,0.008935912486355703,0.16416705107610477,0.06371608564728184,-1.7108780588119938e-06,-0.010562821303721983,-0.0012338062924120913,-0.005164301871272875,-0.015424634998971815,0.978161628624306,0.8402220851326342,0.8589808274470232,0.8712110743132163,0.8712110743132163,0.8602246352785146,0.8365166700630492,0.7864042559266062,0.7252676422418641,0.7777777777777778,0.9242424242424242,1.0,1.0,-0.01647580787539482,0.02747957780957222,0.74956778319836,0.7997784193762796,0.8319322736963933,0.8508892410415599,1.0,1.0,0.0,0.05564466378778532,0.004976352046062102,0.07731852765782439,0.07020357803824799,0.011597779148673657,0.541805469874563,0.10923298375488381,0.06514497223935842,0.005840016450750565,0.302652683528686,0.020727945712523135,0.17606415792720542,0.07559119884844746,0.24778943039276166,0.0,0.5596545342381246,0.20954478707782673,0.0899657366617719,0.29490944689182574,0.0,0.28213037219823156,0.5580917129344026,0.008266502159161011,0.0,0.00431832202344232,0.007567345260127493,0.3357807146353402,0.6642192853646598,1.6209677419354838,0.0,0.8467741935483871,1.4838709677419355,0.9154228855721394,1.0866505139500737,0.07597597794789428,0.8044567680483276,0.2185716259394447,28.79290259422418,26.1210964268233,1.1810655936417658,0.027753303964757708,9.1789035731767,0.4488998560559326,1.1921469283519972,1.1754636808847874,0.03454810495626822,0.02431834929992631,28.816326530612244,28.78106116433309,26.359037900874636,26.00081061164333,0.6757709251101321,0.6960641399416909,0.951731761238025,0.9481114078595956,0.83019114951558,0.16431002880335166,0.614635340186001,9.912726382770435,0.6011926794159984,,,,,,,0.29490944689182574,0.2356828193832599,0.23768967205090552,0.23171806167400882,0.0,0.47580645161290325,10,,
